INSERT INTO Members (id ,name ,email) 
VALUES	(1, 'Gary Osullivan', 'G.Osullivan@email.com'),
	(2, 'Michael Jewett', 'M.Jewett@email.com'),
	(3, 'Robert Funk', 'R.Funk@email.com'),
	(4, 'Douglas Vital', 'D.Vital@email.com'),
	(5, 'Joann Armstrong', 'J.Armstrong@email.com'),
	(6, 'Linda Meads', 'L.Meads@email.com'),
	(7, 'Kevin Soucy', 'K.Soucy@email.com'),
	(8, 'James Viloria', 'J.Viloria@email.com'),
	(9, 'Barbara Hunt', 'B.Hunt@email.com'),
	(10, 'Whitley Freeman', 'W.Freeman@email.com');

INSERT INTO Teachers (bio ,teacher_id) 
VALUES	('teacher bio...', 9),
	('teacher bio...', 2),
	('teacher bio...', 6);

INSERT INTO Students (goals ,student_id) 
VALUES	('student bio...', 1),
	('student bio...', 3),
	('student bio...', 4),
	('student bio...', 5),
	('student bio...', 7),
	('student bio...', 8),
	('student bio...', 10);

INSERT INTO IsStudentOf (student_id ,teacher_id ,instrument ,start_date ,end_date) 
VALUES	(1, 6, 'Piano', '2019-01-01', NULL),
	(3, 2, 'Piano', '2019-01-01', NULL),
	(4, 9, 'Cello', '2019-01-01', NULL),
	(5, 2, 'Piano', '2019-01-01', NULL),
	(7, 2, 'Piano', '2019-01-01', NULL),
	(8, 6, 'Piano', '2019-01-01', NULL),
	(10, 2, 'Piano', '2019-01-01', NULL);

INSERT INTO Trackables (name ,instrument) 
VALUES	('Sight Reading', 'Cello'),
	('Scales', 'Cello'),
	('Pieces', 'Cello'),
	('Technique', 'Cello'),
	('Music Theory', 'Cello'),
	('Free Time', 'Cello'),
	('Sight Reading', 'Piano'),
	('Scales', 'Piano'),
	('Pieces', 'Piano'),
	('Technique', 'Piano'),
	('Music Theory', 'Piano'),
	('Free Time', 'Piano');

INSERT INTO Creates (trackable_name ,trackable_instrument ,teacher_id ,student_id ,date_assigned ,date_removed ,active ,current_duration) 
VALUES	('Sight Reading', 'Piano', 6, 1, '2019-01-01', NULL, 1, 5),
	('Scales', 'Piano', 6, 1, '2019-01-01', NULL, 1, 5),
	('Pieces', 'Piano', 6, 1, '2019-01-01', NULL, 0, 5),
	('Technique', 'Piano', 6, 1, '2019-01-01', NULL, 0, 15),
	('Music Theory', 'Piano', 6, 1, '2019-01-01', NULL, 1, 35),
	('Free Time', 'Piano', 6, 1, '2019-01-01', NULL, 0, 45),
	('Sight Reading', 'Piano', 2, 3, '2019-01-01', NULL, 0, 10),
	('Scales', 'Piano', 2, 3, '2019-01-01', NULL, 1, 15),
	('Pieces', 'Piano', 2, 3, '2019-01-01', NULL, 1, 10),
	('Technique', 'Piano', 2, 3, '2019-01-01', NULL, 1, 30),
	('Music Theory', 'Piano', 2, 3, '2019-01-01', NULL, 1, 25),
	('Free Time', 'Piano', 2, 3, '2019-01-01', NULL, 0, 45),
	('Sight Reading', 'Cello', 9, 4, '2019-01-01', NULL, 1, 10),
	('Scales', 'Cello', 9, 4, '2019-01-01', NULL, 0, 45),
	('Pieces', 'Cello', 9, 4, '2019-01-01', NULL, 0, 5),
	('Technique', 'Cello', 9, 4, '2019-01-01', NULL, 1, 5),
	('Music Theory', 'Cello', 9, 4, '2019-01-01', NULL, 0, 40),
	('Free Time', 'Cello', 9, 4, '2019-01-01', NULL, 0, 30),
	('Sight Reading', 'Piano', 2, 5, '2019-01-01', NULL, 1, 20),
	('Scales', 'Piano', 2, 5, '2019-01-01', NULL, 0, 15),
	('Pieces', 'Piano', 2, 5, '2019-01-01', NULL, 0, 25),
	('Technique', 'Piano', 2, 5, '2019-01-01', NULL, 1, 30),
	('Music Theory', 'Piano', 2, 5, '2019-01-01', NULL, 0, 40),
	('Free Time', 'Piano', 2, 5, '2019-01-01', NULL, 1, 10),
	('Sight Reading', 'Piano', 2, 7, '2019-01-01', NULL, 0, 40),
	('Scales', 'Piano', 2, 7, '2019-01-01', NULL, 1, 20),
	('Pieces', 'Piano', 2, 7, '2019-01-01', NULL, 1, 40),
	('Technique', 'Piano', 2, 7, '2019-01-01', NULL, 1, 20),
	('Music Theory', 'Piano', 2, 7, '2019-01-01', NULL, 1, 10),
	('Free Time', 'Piano', 2, 7, '2019-01-01', NULL, 0, 15),
	('Sight Reading', 'Piano', 6, 8, '2019-01-01', NULL, 1, 25),
	('Scales', 'Piano', 6, 8, '2019-01-01', NULL, 0, 5),
	('Pieces', 'Piano', 6, 8, '2019-01-01', NULL, 0, 40),
	('Technique', 'Piano', 6, 8, '2019-01-01', NULL, 1, 45),
	('Music Theory', 'Piano', 6, 8, '2019-01-01', NULL, 1, 5),
	('Free Time', 'Piano', 6, 8, '2019-01-01', NULL, 1, 5),
	('Sight Reading', 'Piano', 2, 10, '2019-01-01', NULL, 1, 5),
	('Scales', 'Piano', 2, 10, '2019-01-01', NULL, 1, 10),
	('Pieces', 'Piano', 2, 10, '2019-01-01', NULL, 0, 30),
	('Technique', 'Piano', 2, 10, '2019-01-01', NULL, 1, 20),
	('Music Theory', 'Piano', 2, 10, '2019-01-01', NULL, 0, 45),
	('Free Time', 'Piano', 2, 10, '2019-01-01', NULL, 1, 45);

INSERT INTO IsAssigned (practice_day ,time ,student_id ,trackable_name ,trackable_instrument) 
VALUES	('2019-01-01', 20, 1, 'Scales', 'Piano'),
	('2019-01-01', 20, 1, 'Technique', 'Piano'),
	('2019-01-01', 20, 1, 'Free Time', 'Piano'),
	('2019-01-01', 20, 1, 'Sight Reading', 'Piano'),
	('2019-01-01', 20, 3, 'Scales', 'Piano'),
	('2019-01-01', 20, 3, 'Technique', 'Piano'),
	('2019-01-01', 20, 3, 'Pieces', 'Piano'),
	('2019-01-01', 20, 3, 'Sight Reading', 'Piano'),
	('2019-01-01', 20, 4, 'Sight Reading', 'Cello'),
	('2019-01-01', 20, 4, 'Technique', 'Cello'),
	('2019-01-01', 20, 4, 'Music Theory', 'Cello'),
	('2019-01-01', 20, 4, 'Pieces', 'Cello'),
	('2019-01-01', 20, 4, 'Free Time', 'Cello'),
	('2019-01-01', 30, 5, 'Scales', 'Piano'),
	('2019-01-01', 30, 5, 'Sight Reading', 'Piano'),
	('2019-01-01', 30, 5, 'Technique', 'Piano'),
	('2019-01-01', 30, 5, 'Music Theory', 'Piano'),
	('2019-01-01', 30, 5, 'Free Time', 'Piano'),
	('2019-01-01', 45, 7, 'Technique', 'Piano'),
	('2019-01-01', 45, 7, 'Free Time', 'Piano'),
	('2019-01-01', 45, 7, 'Pieces', 'Piano'),
	('2019-01-01', 45, 7, 'Sight Reading', 'Piano'),
	('2019-01-01', 5, 8, 'Music Theory', 'Piano'),
	('2019-01-01', 5, 8, 'Pieces', 'Piano'),
	('2019-01-01', 5, 8, 'Sight Reading', 'Piano'),
	('2019-01-01', 20, 10, 'Technique', 'Piano'),
	('2019-01-01', 20, 10, 'Free Time', 'Piano'),
	('2019-01-01', 20, 10, 'Sight Reading', 'Piano'),
	('2019-01-02', 5, 1, 'Scales', 'Piano'),
	('2019-01-02', 5, 1, 'Sight Reading', 'Piano'),
	('2019-01-02', 5, 1, 'Technique', 'Piano'),
	('2019-01-02', 5, 1, 'Pieces', 'Piano'),
	('2019-01-02', 5, 1, 'Free Time', 'Piano'),
	('2019-01-02', 45, 3, 'Scales', 'Piano'),
	('2019-01-02', 45, 3, 'Technique', 'Piano'),
	('2019-01-02', 45, 3, 'Sight Reading', 'Piano'),
	('2019-01-02', 35, 4, 'Scales', 'Cello'),
	('2019-01-02', 35, 4, 'Technique', 'Cello'),
	('2019-01-02', 35, 4, 'Music Theory', 'Cello'),
	('2019-01-02', 35, 4, 'Sight Reading', 'Cello'),
	('2019-01-02', 25, 5, 'Scales', 'Piano'),
	('2019-01-02', 25, 5, 'Technique', 'Piano'),
	('2019-01-02', 25, 5, 'Free Time', 'Piano'),
	('2019-01-02', 25, 5, 'Sight Reading', 'Piano'),
	('2019-01-02', 20, 7, 'Scales', 'Piano'),
	('2019-01-02', 20, 7, 'Music Theory', 'Piano'),
	('2019-01-02', 20, 7, 'Sight Reading', 'Piano'),
	('2019-01-02', 25, 8, 'Technique', 'Piano'),
	('2019-01-02', 25, 8, 'Music Theory', 'Piano'),
	('2019-01-02', 35, 10, 'Sight Reading', 'Piano'),
	('2019-01-02', 35, 10, 'Technique', 'Piano'),
	('2019-01-02', 35, 10, 'Music Theory', 'Piano'),
	('2019-01-02', 35, 10, 'Pieces', 'Piano'),
	('2019-01-02', 35, 10, 'Free Time', 'Piano'),
	('2019-01-03', 45, 1, 'Technique', 'Piano'),
	('2019-01-03', 45, 1, 'Free Time', 'Piano'),
	('2019-01-03', 45, 1, 'Music Theory', 'Piano'),
	('2019-01-03', 45, 1, 'Sight Reading', 'Piano'),
	('2019-01-03', 30, 3, 'Scales', 'Piano'),
	('2019-01-03', 30, 3, 'Technique', 'Piano'),
	('2019-01-03', 30, 3, 'Sight Reading', 'Piano'),
	('2019-01-03', 40, 4, 'Scales', 'Cello'),
	('2019-01-03', 40, 4, 'Sight Reading', 'Cello'),
	('2019-01-03', 40, 4, 'Technique', 'Cello'),
	('2019-01-03', 40, 4, 'Pieces', 'Cello'),
	('2019-01-03', 40, 4, 'Free Time', 'Cello'),
	('2019-01-03', 25, 5, 'Scales', 'Piano'),
	('2019-01-03', 25, 5, 'Sight Reading', 'Piano'),
	('2019-01-03', 25, 5, 'Technique', 'Piano'),
	('2019-01-03', 25, 5, 'Pieces', 'Piano'),
	('2019-01-03', 25, 5, 'Free Time', 'Piano'),
	('2019-01-03', 45, 7, 'Scales', 'Piano'),
	('2019-01-03', 45, 7, 'Sight Reading', 'Piano'),
	('2019-01-03', 45, 7, 'Technique', 'Piano'),
	('2019-01-03', 45, 7, 'Music Theory', 'Piano'),
	('2019-01-03', 45, 7, 'Pieces', 'Piano'),
	('2019-01-03', 35, 8, 'Scales', 'Piano'),
	('2019-01-03', 35, 8, 'Sight Reading', 'Piano'),
	('2019-01-03', 30, 10, 'Scales', 'Piano'),
	('2019-01-03', 30, 10, 'Sight Reading', 'Piano'),
	('2019-01-03', 30, 10, 'Technique', 'Piano'),
	('2019-01-03', 30, 10, 'Pieces', 'Piano'),
	('2019-01-03', 30, 10, 'Free Time', 'Piano'),
	('2019-01-04', 45, 1, 'Scales', 'Piano'),
	('2019-01-04', 45, 1, 'Free Time', 'Piano'),
	('2019-01-04', 45, 1, 'Sight Reading', 'Piano'),
	('2019-01-04', 45, 3, 'Technique', 'Piano'),
	('2019-01-04', 45, 3, 'Free Time', 'Piano'),
	('2019-01-04', 45, 3, 'Music Theory', 'Piano'),
	('2019-01-04', 45, 4, 'Scales', 'Cello'),
	('2019-01-04', 45, 4, 'Sight Reading', 'Cello'),
	('2019-01-04', 45, 4, 'Technique', 'Cello'),
	('2019-01-04', 45, 4, 'Music Theory', 'Cello'),
	('2019-01-04', 45, 4, 'Free Time', 'Cello'),
	('2019-01-04', 25, 5, 'Free Time', 'Piano'),
	('2019-01-04', 25, 5, 'Music Theory', 'Piano'),
	('2019-01-04', 25, 5, 'Pieces', 'Piano'),
	('2019-01-04', 25, 5, 'Sight Reading', 'Piano'),
	('2019-01-04', 5, 7, 'Scales', 'Piano'),
	('2019-01-04', 5, 7, 'Sight Reading', 'Piano'),
	('2019-01-04', 5, 7, 'Technique', 'Piano'),
	('2019-01-04', 5, 7, 'Music Theory', 'Piano'),
	('2019-01-04', 5, 7, 'Free Time', 'Piano'),
	('2019-01-04', 25, 8, 'Technique', 'Piano'),
	('2019-01-04', 25, 8, 'Free Time', 'Piano'),
	('2019-01-04', 25, 8, 'Sight Reading', 'Piano'),
	('2019-01-04', 30, 10, 'Technique', 'Piano'),
	('2019-01-04', 30, 10, 'Free Time', 'Piano'),
	('2019-01-05', 35, 1, 'Pieces', 'Piano'),
	('2019-01-05', 35, 1, 'Sight Reading', 'Piano'),
	('2019-01-05', 10, 3, 'Scales', 'Piano'),
	('2019-01-05', 10, 3, 'Sight Reading', 'Piano'),
	('2019-01-05', 10, 3, 'Music Theory', 'Piano'),
	('2019-01-05', 10, 3, 'Pieces', 'Piano'),
	('2019-01-05', 10, 3, 'Free Time', 'Piano'),
	('2019-01-05', 25, 4, 'Scales', 'Cello'),
	('2019-01-05', 25, 4, 'Free Time', 'Cello'),
	('2019-01-05', 25, 4, 'Sight Reading', 'Cello'),
	('2019-01-05', 45, 5, 'Scales', 'Piano'),
	('2019-01-05', 45, 5, 'Sight Reading', 'Piano'),
	('2019-01-05', 20, 7, 'Scales', 'Piano'),
	('2019-01-05', 20, 7, 'Sight Reading', 'Piano'),
	('2019-01-05', 20, 7, 'Technique', 'Piano'),
	('2019-01-05', 20, 7, 'Music Theory', 'Piano'),
	('2019-01-05', 20, 7, 'Free Time', 'Piano'),
	('2019-01-05', 10, 8, 'Technique', 'Piano'),
	('2019-01-05', 10, 8, 'Music Theory', 'Piano'),
	('2019-01-05', 10, 8, 'Pieces', 'Piano'),
	('2019-01-05', 10, 8, 'Sight Reading', 'Piano'),
	('2019-01-05', 45, 10, 'Scales', 'Piano'),
	('2019-01-05', 45, 10, 'Free Time', 'Piano'),
	('2019-01-05', 45, 10, 'Music Theory', 'Piano'),
	('2019-01-06', 25, 1, 'Scales', 'Piano'),
	('2019-01-06', 25, 1, 'Technique', 'Piano'),
	('2019-01-06', 25, 1, 'Free Time', 'Piano'),
	('2019-01-06', 25, 1, 'Pieces', 'Piano'),
	('2019-01-06', 30, 3, 'Technique', 'Piano'),
	('2019-01-06', 30, 3, 'Sight Reading', 'Piano'),
	('2019-01-06', 45, 4, 'Scales', 'Cello'),
	('2019-01-06', 45, 4, 'Free Time', 'Cello'),
	('2019-01-06', 45, 4, 'Music Theory', 'Cello'),
	('2019-01-06', 45, 4, 'Pieces', 'Cello'),
	('2019-01-06', 25, 5, 'Technique', 'Piano'),
	('2019-01-06', 25, 5, 'Music Theory', 'Piano'),
	('2019-01-06', 35, 7, 'Scales', 'Piano'),
	('2019-01-06', 35, 7, 'Pieces', 'Piano'),
	('2019-01-06', 35, 7, 'Sight Reading', 'Piano'),
	('2019-01-06', 15, 8, 'Music Theory', 'Piano'),
	('2019-01-06', 15, 8, 'Pieces', 'Piano'),
	('2019-01-06', 15, 10, 'Scales', 'Piano'),
	('2019-01-06', 15, 10, 'Sight Reading', 'Piano'),
	('2019-01-06', 15, 10, 'Technique', 'Piano'),
	('2019-01-06', 15, 10, 'Pieces', 'Piano'),
	('2019-01-06', 15, 10, 'Free Time', 'Piano'),
	('2019-01-07', 5, 1, 'Pieces', 'Piano'),
	('2019-01-07', 5, 1, 'Sight Reading', 'Piano'),
	('2019-01-07', 25, 3, 'Scales', 'Piano'),
	('2019-01-07', 25, 3, 'Sight Reading', 'Piano'),
	('2019-01-07', 25, 3, 'Music Theory', 'Piano'),
	('2019-01-07', 25, 3, 'Pieces', 'Piano'),
	('2019-01-07', 25, 3, 'Free Time', 'Piano'),
	('2019-01-07', 15, 4, 'Scales', 'Cello'),
	('2019-01-07', 15, 4, 'Sight Reading', 'Cello'),
	('2019-01-07', 15, 4, 'Technique', 'Cello'),
	('2019-01-07', 15, 4, 'Music Theory', 'Cello'),
	('2019-01-07', 15, 4, 'Pieces', 'Cello'),
	('2019-01-07', 10, 5, 'Music Theory', 'Piano'),
	('2019-01-07', 10, 5, 'Pieces', 'Piano'),
	('2019-01-07', 10, 5, 'Sight Reading', 'Piano'),
	('2019-01-07', 15, 7, 'Scales', 'Piano'),
	('2019-01-07', 15, 7, 'Pieces', 'Piano'),
	('2019-01-07', 15, 7, 'Sight Reading', 'Piano'),
	('2019-01-07', 5, 8, 'Scales', 'Piano'),
	('2019-01-07', 5, 8, 'Technique', 'Piano'),
	('2019-01-07', 5, 8, 'Music Theory', 'Piano'),
	('2019-01-07', 20, 10, 'Technique', 'Piano'),
	('2019-01-07', 20, 10, 'Free Time', 'Piano'),
	('2019-01-07', 20, 10, 'Music Theory', 'Piano'),
	('2019-01-07', 20, 10, 'Pieces', 'Piano'),
	('2019-01-08', 45, 1, 'Scales', 'Piano'),
	('2019-01-08', 45, 1, 'Technique', 'Piano'),
	('2019-01-08', 45, 1, 'Free Time', 'Piano'),
	('2019-01-08', 45, 1, 'Sight Reading', 'Piano'),
	('2019-01-08', 5, 3, 'Free Time', 'Piano'),
	('2019-01-08', 5, 3, 'Music Theory', 'Piano'),
	('2019-01-08', 5, 3, 'Pieces', 'Piano'),
	('2019-01-08', 5, 3, 'Sight Reading', 'Piano'),
	('2019-01-08', 10, 4, 'Scales', 'Cello'),
	('2019-01-08', 10, 4, 'Technique', 'Cello'),
	('2019-01-08', 10, 4, 'Music Theory', 'Cello'),
	('2019-01-08', 10, 4, 'Pieces', 'Cello'),
	('2019-01-08', 10, 4, 'Free Time', 'Cello'),
	('2019-01-08', 35, 5, 'Scales', 'Piano'),
	('2019-01-08', 35, 5, 'Sight Reading', 'Piano'),
	('2019-01-08', 25, 7, 'Scales', 'Piano'),
	('2019-01-08', 25, 7, 'Sight Reading', 'Piano'),
	('2019-01-08', 25, 7, 'Technique', 'Piano'),
	('2019-01-08', 25, 7, 'Pieces', 'Piano'),
	('2019-01-08', 25, 7, 'Free Time', 'Piano'),
	('2019-01-08', 25, 8, 'Technique', 'Piano'),
	('2019-01-08', 25, 8, 'Pieces', 'Piano'),
	('2019-01-08', 25, 10, 'Scales', 'Piano'),
	('2019-01-08', 25, 10, 'Free Time', 'Piano'),
	('2019-01-09', 35, 1, 'Scales', 'Piano'),
	('2019-01-09', 35, 1, 'Sight Reading', 'Piano'),
	('2019-01-09', 35, 1, 'Music Theory', 'Piano'),
	('2019-01-09', 35, 1, 'Pieces', 'Piano'),
	('2019-01-09', 35, 1, 'Free Time', 'Piano'),
	('2019-01-09', 10, 3, 'Technique', 'Piano'),
	('2019-01-09', 10, 3, 'Free Time', 'Piano'),
	('2019-01-09', 10, 4, 'Scales', 'Cello'),
	('2019-01-09', 10, 4, 'Free Time', 'Cello'),
	('2019-01-09', 10, 4, 'Music Theory', 'Cello'),
	('2019-01-09', 10, 4, 'Pieces', 'Cello'),
	('2019-01-09', 15, 5, 'Scales', 'Piano'),
	('2019-01-09', 15, 5, 'Sight Reading', 'Piano'),
	('2019-01-09', 15, 5, 'Technique', 'Piano'),
	('2019-01-09', 15, 5, 'Music Theory', 'Piano'),
	('2019-01-09', 15, 5, 'Free Time', 'Piano'),
	('2019-01-09', 40, 7, 'Technique', 'Piano'),
	('2019-01-09', 40, 7, 'Pieces', 'Piano'),
	('2019-01-09', 10, 8, 'Free Time', 'Piano'),
	('2019-01-09', 10, 8, 'Pieces', 'Piano'),
	('2019-01-09', 10, 8, 'Sight Reading', 'Piano'),
	('2019-01-09', 40, 10, 'Scales', 'Piano'),
	('2019-01-09', 40, 10, 'Music Theory', 'Piano'),
	('2019-01-09', 40, 10, 'Sight Reading', 'Piano'),
	('2019-01-10', 15, 1, 'Scales', 'Piano'),
	('2019-01-10', 15, 1, 'Sight Reading', 'Piano'),
	('2019-01-10', 15, 1, 'Music Theory', 'Piano'),
	('2019-01-10', 15, 1, 'Pieces', 'Piano'),
	('2019-01-10', 15, 1, 'Free Time', 'Piano'),
	('2019-01-10', 35, 3, 'Technique', 'Piano'),
	('2019-01-10', 35, 3, 'Music Theory', 'Piano'),
	('2019-01-10', 45, 4, 'Scales', 'Cello'),
	('2019-01-10', 45, 4, 'Technique', 'Cello'),
	('2019-01-10', 30, 5, 'Technique', 'Piano'),
	('2019-01-10', 30, 5, 'Free Time', 'Piano'),
	('2019-01-10', 30, 5, 'Music Theory', 'Piano'),
	('2019-01-10', 30, 5, 'Sight Reading', 'Piano'),
	('2019-01-10', 45, 7, 'Scales', 'Piano'),
	('2019-01-10', 45, 7, 'Technique', 'Piano'),
	('2019-01-10', 45, 7, 'Pieces', 'Piano'),
	('2019-01-10', 45, 7, 'Sight Reading', 'Piano'),
	('2019-01-10', 45, 8, 'Technique', 'Piano'),
	('2019-01-10', 45, 8, 'Free Time', 'Piano'),
	('2019-01-10', 25, 10, 'Technique', 'Piano'),
	('2019-01-10', 25, 10, 'Music Theory', 'Piano'),
	('2019-01-10', 25, 10, 'Pieces', 'Piano');

INSERT INTO Recordings (day ,trackable_name ,trackable_instrument ,duration ,location ,student) 
VALUES	('2019-01-01', 'Scales', 'Piano', 14, 'file_location...', 1),
	('2019-01-01', 'Technique', 'Piano', 1, 'file_location...', 1),
	('2019-01-01', 'Free Time', 'Piano', 9, 'file_location...', 1),
	('2019-01-01', 'Sight Reading', 'Piano', 40, 'file_location...', 1),
	('2019-01-01', 'Scales', 'Piano', 8, 'file_location...', 3),
	('2019-01-01', 'Technique', 'Piano', 28, 'file_location...', 3),
	('2019-01-01', 'Pieces', 'Piano', 42, 'file_location...', 3),
	('2019-01-01', 'Sight Reading', 'Piano', 36, 'file_location...', 3),
	('2019-01-01', 'Sight Reading', 'Cello', 19, 'file_location...', 4),
	('2019-01-01', 'Technique', 'Cello', 43, 'file_location...', 4),
	('2019-01-01', 'Music Theory', 'Cello', 39, 'file_location...', 4),
	('2019-01-01', 'Pieces', 'Cello', 42, 'file_location...', 4),
	('2019-01-01', 'Free Time', 'Cello', 44, 'file_location...', 4),
	('2019-01-01', 'Scales', 'Piano', 0, 'file_location...', 5),
	('2019-01-01', 'Sight Reading', 'Piano', 10, 'file_location...', 5),
	('2019-01-01', 'Technique', 'Piano', 39, 'file_location...', 5),
	('2019-01-01', 'Music Theory', 'Piano', 12, 'file_location...', 5),
	('2019-01-01', 'Free Time', 'Piano', 8, 'file_location...', 5),
	('2019-01-01', 'Technique', 'Piano', 39, 'file_location...', 7),
	('2019-01-01', 'Free Time', 'Piano', 16, 'file_location...', 7),
	('2019-01-01', 'Pieces', 'Piano', 16, 'file_location...', 7),
	('2019-01-01', 'Sight Reading', 'Piano', 41, 'file_location...', 7),
	('2019-01-01', 'Music Theory', 'Piano', 41, 'file_location...', 8),
	('2019-01-01', 'Pieces', 'Piano', 30, 'file_location...', 8),
	('2019-01-01', 'Sight Reading', 'Piano', 3, 'file_location...', 8),
	('2019-01-01', 'Technique', 'Piano', 17, 'file_location...', 10),
	('2019-01-01', 'Free Time', 'Piano', 0, 'file_location...', 10),
	('2019-01-01', 'Sight Reading', 'Piano', 18, 'file_location...', 10),
	('2019-01-02', 'Scales', 'Piano', 14, 'file_location...', 1),
	('2019-01-02', 'Sight Reading', 'Piano', 2, 'file_location...', 1),
	('2019-01-02', 'Technique', 'Piano', 33, 'file_location...', 1),
	('2019-01-02', 'Pieces', 'Piano', 14, 'file_location...', 1),
	('2019-01-02', 'Free Time', 'Piano', 9, 'file_location...', 1),
	('2019-01-02', 'Scales', 'Piano', 2, 'file_location...', 3),
	('2019-01-02', 'Technique', 'Piano', 4, 'file_location...', 3),
	('2019-01-02', 'Sight Reading', 'Piano', 15, 'file_location...', 3),
	('2019-01-02', 'Scales', 'Cello', 23, 'file_location...', 4),
	('2019-01-02', 'Technique', 'Cello', 12, 'file_location...', 4),
	('2019-01-02', 'Music Theory', 'Cello', 0, 'file_location...', 4),
	('2019-01-02', 'Sight Reading', 'Cello', 14, 'file_location...', 4),
	('2019-01-02', 'Scales', 'Piano', 2, 'file_location...', 5),
	('2019-01-02', 'Technique', 'Piano', 7, 'file_location...', 5),
	('2019-01-02', 'Free Time', 'Piano', 24, 'file_location...', 5),
	('2019-01-02', 'Sight Reading', 'Piano', 5, 'file_location...', 5),
	('2019-01-02', 'Scales', 'Piano', 36, 'file_location...', 7),
	('2019-01-02', 'Music Theory', 'Piano', 44, 'file_location...', 7),
	('2019-01-02', 'Sight Reading', 'Piano', 21, 'file_location...', 7),
	('2019-01-02', 'Technique', 'Piano', 25, 'file_location...', 8),
	('2019-01-02', 'Music Theory', 'Piano', 28, 'file_location...', 8),
	('2019-01-02', 'Sight Reading', 'Piano', 25, 'file_location...', 10),
	('2019-01-02', 'Technique', 'Piano', 31, 'file_location...', 10),
	('2019-01-02', 'Music Theory', 'Piano', 18, 'file_location...', 10),
	('2019-01-02', 'Pieces', 'Piano', 41, 'file_location...', 10),
	('2019-01-02', 'Free Time', 'Piano', 23, 'file_location...', 10),
	('2019-01-03', 'Technique', 'Piano', 6, 'file_location...', 1),
	('2019-01-03', 'Free Time', 'Piano', 44, 'file_location...', 1),
	('2019-01-03', 'Music Theory', 'Piano', 28, 'file_location...', 1),
	('2019-01-03', 'Sight Reading', 'Piano', 38, 'file_location...', 1),
	('2019-01-03', 'Scales', 'Piano', 32, 'file_location...', 3),
	('2019-01-03', 'Technique', 'Piano', 17, 'file_location...', 3),
	('2019-01-03', 'Sight Reading', 'Piano', 26, 'file_location...', 3),
	('2019-01-03', 'Scales', 'Cello', 4, 'file_location...', 4),
	('2019-01-03', 'Sight Reading', 'Cello', 8, 'file_location...', 4),
	('2019-01-03', 'Technique', 'Cello', 23, 'file_location...', 4),
	('2019-01-03', 'Pieces', 'Cello', 26, 'file_location...', 4),
	('2019-01-03', 'Free Time', 'Cello', 1, 'file_location...', 4),
	('2019-01-03', 'Scales', 'Piano', 19, 'file_location...', 5),
	('2019-01-03', 'Sight Reading', 'Piano', 3, 'file_location...', 5),
	('2019-01-03', 'Technique', 'Piano', 44, 'file_location...', 5),
	('2019-01-03', 'Pieces', 'Piano', 9, 'file_location...', 5),
	('2019-01-03', 'Free Time', 'Piano', 22, 'file_location...', 5),
	('2019-01-03', 'Scales', 'Piano', 18, 'file_location...', 7),
	('2019-01-03', 'Sight Reading', 'Piano', 17, 'file_location...', 7),
	('2019-01-03', 'Technique', 'Piano', 12, 'file_location...', 7),
	('2019-01-03', 'Music Theory', 'Piano', 11, 'file_location...', 7),
	('2019-01-03', 'Pieces', 'Piano', 40, 'file_location...', 7),
	('2019-01-03', 'Scales', 'Piano', 18, 'file_location...', 8),
	('2019-01-03', 'Sight Reading', 'Piano', 10, 'file_location...', 8),
	('2019-01-03', 'Scales', 'Piano', 30, 'file_location...', 10),
	('2019-01-03', 'Sight Reading', 'Piano', 44, 'file_location...', 10),
	('2019-01-03', 'Technique', 'Piano', 18, 'file_location...', 10),
	('2019-01-03', 'Pieces', 'Piano', 41, 'file_location...', 10),
	('2019-01-03', 'Free Time', 'Piano', 39, 'file_location...', 10),
	('2019-01-04', 'Scales', 'Piano', 34, 'file_location...', 1),
	('2019-01-04', 'Free Time', 'Piano', 1, 'file_location...', 1),
	('2019-01-04', 'Sight Reading', 'Piano', 10, 'file_location...', 1),
	('2019-01-04', 'Technique', 'Piano', 22, 'file_location...', 3),
	('2019-01-04', 'Free Time', 'Piano', 2, 'file_location...', 3),
	('2019-01-04', 'Music Theory', 'Piano', 24, 'file_location...', 3),
	('2019-01-04', 'Scales', 'Cello', 40, 'file_location...', 4),
	('2019-01-04', 'Sight Reading', 'Cello', 7, 'file_location...', 4),
	('2019-01-04', 'Technique', 'Cello', 1, 'file_location...', 4),
	('2019-01-04', 'Music Theory', 'Cello', 1, 'file_location...', 4),
	('2019-01-04', 'Free Time', 'Cello', 7, 'file_location...', 4),
	('2019-01-04', 'Free Time', 'Piano', 38, 'file_location...', 5),
	('2019-01-04', 'Music Theory', 'Piano', 33, 'file_location...', 5),
	('2019-01-04', 'Pieces', 'Piano', 13, 'file_location...', 5),
	('2019-01-04', 'Sight Reading', 'Piano', 0, 'file_location...', 5),
	('2019-01-04', 'Scales', 'Piano', 16, 'file_location...', 7),
	('2019-01-04', 'Sight Reading', 'Piano', 9, 'file_location...', 7),
	('2019-01-04', 'Technique', 'Piano', 45, 'file_location...', 7),
	('2019-01-04', 'Music Theory', 'Piano', 27, 'file_location...', 7),
	('2019-01-04', 'Free Time', 'Piano', 39, 'file_location...', 7),
	('2019-01-04', 'Technique', 'Piano', 26, 'file_location...', 8),
	('2019-01-04', 'Free Time', 'Piano', 27, 'file_location...', 8),
	('2019-01-04', 'Sight Reading', 'Piano', 3, 'file_location...', 8),
	('2019-01-04', 'Technique', 'Piano', 18, 'file_location...', 10),
	('2019-01-04', 'Free Time', 'Piano', 29, 'file_location...', 10),
	('2019-01-05', 'Pieces', 'Piano', 11, 'file_location...', 1),
	('2019-01-05', 'Sight Reading', 'Piano', 15, 'file_location...', 1),
	('2019-01-05', 'Scales', 'Piano', 37, 'file_location...', 3),
	('2019-01-05', 'Sight Reading', 'Piano', 36, 'file_location...', 3),
	('2019-01-05', 'Music Theory', 'Piano', 37, 'file_location...', 3),
	('2019-01-05', 'Pieces', 'Piano', 21, 'file_location...', 3),
	('2019-01-05', 'Free Time', 'Piano', 3, 'file_location...', 3),
	('2019-01-05', 'Scales', 'Cello', 36, 'file_location...', 4),
	('2019-01-05', 'Free Time', 'Cello', 36, 'file_location...', 4),
	('2019-01-05', 'Sight Reading', 'Cello', 26, 'file_location...', 4),
	('2019-01-05', 'Scales', 'Piano', 0, 'file_location...', 5),
	('2019-01-05', 'Sight Reading', 'Piano', 44, 'file_location...', 5),
	('2019-01-05', 'Scales', 'Piano', 33, 'file_location...', 7),
	('2019-01-05', 'Sight Reading', 'Piano', 17, 'file_location...', 7),
	('2019-01-05', 'Technique', 'Piano', 45, 'file_location...', 7),
	('2019-01-05', 'Music Theory', 'Piano', 18, 'file_location...', 7),
	('2019-01-05', 'Free Time', 'Piano', 26, 'file_location...', 7),
	('2019-01-05', 'Technique', 'Piano', 21, 'file_location...', 8),
	('2019-01-05', 'Music Theory', 'Piano', 16, 'file_location...', 8),
	('2019-01-05', 'Pieces', 'Piano', 27, 'file_location...', 8),
	('2019-01-05', 'Sight Reading', 'Piano', 14, 'file_location...', 8),
	('2019-01-05', 'Scales', 'Piano', 42, 'file_location...', 10),
	('2019-01-05', 'Free Time', 'Piano', 41, 'file_location...', 10),
	('2019-01-05', 'Music Theory', 'Piano', 5, 'file_location...', 10),
	('2019-01-06', 'Scales', 'Piano', 43, 'file_location...', 1),
	('2019-01-06', 'Technique', 'Piano', 11, 'file_location...', 1),
	('2019-01-06', 'Free Time', 'Piano', 7, 'file_location...', 1),
	('2019-01-06', 'Pieces', 'Piano', 7, 'file_location...', 1),
	('2019-01-06', 'Technique', 'Piano', 31, 'file_location...', 3),
	('2019-01-06', 'Sight Reading', 'Piano', 22, 'file_location...', 3),
	('2019-01-06', 'Scales', 'Cello', 37, 'file_location...', 4),
	('2019-01-06', 'Free Time', 'Cello', 31, 'file_location...', 4),
	('2019-01-06', 'Music Theory', 'Cello', 42, 'file_location...', 4),
	('2019-01-06', 'Pieces', 'Cello', 22, 'file_location...', 4),
	('2019-01-06', 'Technique', 'Piano', 11, 'file_location...', 5),
	('2019-01-06', 'Music Theory', 'Piano', 35, 'file_location...', 5),
	('2019-01-06', 'Scales', 'Piano', 37, 'file_location...', 7),
	('2019-01-06', 'Pieces', 'Piano', 6, 'file_location...', 7),
	('2019-01-06', 'Sight Reading', 'Piano', 1, 'file_location...', 7),
	('2019-01-06', 'Music Theory', 'Piano', 44, 'file_location...', 8),
	('2019-01-06', 'Pieces', 'Piano', 28, 'file_location...', 8),
	('2019-01-06', 'Scales', 'Piano', 21, 'file_location...', 10),
	('2019-01-06', 'Sight Reading', 'Piano', 32, 'file_location...', 10),
	('2019-01-06', 'Technique', 'Piano', 38, 'file_location...', 10),
	('2019-01-06', 'Pieces', 'Piano', 40, 'file_location...', 10),
	('2019-01-06', 'Free Time', 'Piano', 21, 'file_location...', 10),
	('2019-01-07', 'Pieces', 'Piano', 8, 'file_location...', 1),
	('2019-01-07', 'Sight Reading', 'Piano', 37, 'file_location...', 1),
	('2019-01-07', 'Scales', 'Piano', 6, 'file_location...', 3),
	('2019-01-07', 'Sight Reading', 'Piano', 22, 'file_location...', 3),
	('2019-01-07', 'Music Theory', 'Piano', 30, 'file_location...', 3),
	('2019-01-07', 'Pieces', 'Piano', 45, 'file_location...', 3),
	('2019-01-07', 'Free Time', 'Piano', 27, 'file_location...', 3),
	('2019-01-07', 'Scales', 'Cello', 44, 'file_location...', 4),
	('2019-01-07', 'Sight Reading', 'Cello', 27, 'file_location...', 4),
	('2019-01-07', 'Technique', 'Cello', 4, 'file_location...', 4),
	('2019-01-07', 'Music Theory', 'Cello', 26, 'file_location...', 4),
	('2019-01-07', 'Pieces', 'Cello', 16, 'file_location...', 4),
	('2019-01-07', 'Music Theory', 'Piano', 32, 'file_location...', 5),
	('2019-01-07', 'Pieces', 'Piano', 15, 'file_location...', 5),
	('2019-01-07', 'Sight Reading', 'Piano', 13, 'file_location...', 5),
	('2019-01-07', 'Scales', 'Piano', 30, 'file_location...', 7),
	('2019-01-07', 'Pieces', 'Piano', 1, 'file_location...', 7),
	('2019-01-07', 'Sight Reading', 'Piano', 8, 'file_location...', 7),
	('2019-01-07', 'Scales', 'Piano', 4, 'file_location...', 8),
	('2019-01-07', 'Technique', 'Piano', 7, 'file_location...', 8),
	('2019-01-07', 'Music Theory', 'Piano', 24, 'file_location...', 8),
	('2019-01-07', 'Technique', 'Piano', 26, 'file_location...', 10),
	('2019-01-07', 'Free Time', 'Piano', 34, 'file_location...', 10),
	('2019-01-07', 'Music Theory', 'Piano', 34, 'file_location...', 10),
	('2019-01-07', 'Pieces', 'Piano', 19, 'file_location...', 10),
	('2019-01-08', 'Scales', 'Piano', 5, 'file_location...', 1),
	('2019-01-08', 'Technique', 'Piano', 26, 'file_location...', 1),
	('2019-01-08', 'Free Time', 'Piano', 45, 'file_location...', 1),
	('2019-01-08', 'Sight Reading', 'Piano', 5, 'file_location...', 1),
	('2019-01-08', 'Free Time', 'Piano', 31, 'file_location...', 3),
	('2019-01-08', 'Music Theory', 'Piano', 34, 'file_location...', 3),
	('2019-01-08', 'Pieces', 'Piano', 34, 'file_location...', 3),
	('2019-01-08', 'Sight Reading', 'Piano', 21, 'file_location...', 3),
	('2019-01-08', 'Scales', 'Cello', 22, 'file_location...', 4),
	('2019-01-08', 'Technique', 'Cello', 26, 'file_location...', 4),
	('2019-01-08', 'Music Theory', 'Cello', 20, 'file_location...', 4),
	('2019-01-08', 'Pieces', 'Cello', 9, 'file_location...', 4),
	('2019-01-08', 'Free Time', 'Cello', 44, 'file_location...', 4),
	('2019-01-08', 'Scales', 'Piano', 40, 'file_location...', 5),
	('2019-01-08', 'Sight Reading', 'Piano', 5, 'file_location...', 5),
	('2019-01-08', 'Scales', 'Piano', 21, 'file_location...', 7),
	('2019-01-08', 'Sight Reading', 'Piano', 14, 'file_location...', 7),
	('2019-01-08', 'Technique', 'Piano', 35, 'file_location...', 7),
	('2019-01-08', 'Pieces', 'Piano', 8, 'file_location...', 7),
	('2019-01-08', 'Free Time', 'Piano', 13, 'file_location...', 7),
	('2019-01-08', 'Technique', 'Piano', 35, 'file_location...', 8),
	('2019-01-08', 'Pieces', 'Piano', 43, 'file_location...', 8),
	('2019-01-08', 'Scales', 'Piano', 32, 'file_location...', 10),
	('2019-01-08', 'Free Time', 'Piano', 37, 'file_location...', 10),
	('2019-01-09', 'Scales', 'Piano', 39, 'file_location...', 1),
	('2019-01-09', 'Sight Reading', 'Piano', 17, 'file_location...', 1),
	('2019-01-09', 'Music Theory', 'Piano', 5, 'file_location...', 1),
	('2019-01-09', 'Pieces', 'Piano', 43, 'file_location...', 1),
	('2019-01-09', 'Free Time', 'Piano', 15, 'file_location...', 1),
	('2019-01-09', 'Technique', 'Piano', 28, 'file_location...', 3),
	('2019-01-09', 'Free Time', 'Piano', 42, 'file_location...', 3),
	('2019-01-09', 'Scales', 'Cello', 18, 'file_location...', 4),
	('2019-01-09', 'Free Time', 'Cello', 43, 'file_location...', 4),
	('2019-01-09', 'Music Theory', 'Cello', 13, 'file_location...', 4),
	('2019-01-09', 'Pieces', 'Cello', 44, 'file_location...', 4),
	('2019-01-09', 'Scales', 'Piano', 32, 'file_location...', 5),
	('2019-01-09', 'Sight Reading', 'Piano', 11, 'file_location...', 5),
	('2019-01-09', 'Technique', 'Piano', 38, 'file_location...', 5),
	('2019-01-09', 'Music Theory', 'Piano', 20, 'file_location...', 5),
	('2019-01-09', 'Free Time', 'Piano', 41, 'file_location...', 5),
	('2019-01-09', 'Technique', 'Piano', 6, 'file_location...', 7),
	('2019-01-09', 'Pieces', 'Piano', 19, 'file_location...', 7),
	('2019-01-09', 'Free Time', 'Piano', 29, 'file_location...', 8),
	('2019-01-09', 'Pieces', 'Piano', 37, 'file_location...', 8),
	('2019-01-09', 'Sight Reading', 'Piano', 40, 'file_location...', 8),
	('2019-01-09', 'Scales', 'Piano', 17, 'file_location...', 10),
	('2019-01-09', 'Music Theory', 'Piano', 35, 'file_location...', 10),
	('2019-01-09', 'Sight Reading', 'Piano', 16, 'file_location...', 10),
	('2019-01-10', 'Scales', 'Piano', 44, 'file_location...', 1),
	('2019-01-10', 'Sight Reading', 'Piano', 2, 'file_location...', 1),
	('2019-01-10', 'Music Theory', 'Piano', 30, 'file_location...', 1),
	('2019-01-10', 'Pieces', 'Piano', 21, 'file_location...', 1),
	('2019-01-10', 'Free Time', 'Piano', 45, 'file_location...', 1),
	('2019-01-10', 'Technique', 'Piano', 19, 'file_location...', 3),
	('2019-01-10', 'Music Theory', 'Piano', 21, 'file_location...', 3),
	('2019-01-10', 'Scales', 'Cello', 35, 'file_location...', 4),
	('2019-01-10', 'Technique', 'Cello', 10, 'file_location...', 4),
	('2019-01-10', 'Technique', 'Piano', 1, 'file_location...', 5),
	('2019-01-10', 'Free Time', 'Piano', 11, 'file_location...', 5),
	('2019-01-10', 'Music Theory', 'Piano', 19, 'file_location...', 5),
	('2019-01-10', 'Sight Reading', 'Piano', 7, 'file_location...', 5),
	('2019-01-10', 'Scales', 'Piano', 37, 'file_location...', 7),
	('2019-01-10', 'Technique', 'Piano', 8, 'file_location...', 7),
	('2019-01-10', 'Pieces', 'Piano', 33, 'file_location...', 7),
	('2019-01-10', 'Sight Reading', 'Piano', 23, 'file_location...', 7),
	('2019-01-10', 'Technique', 'Piano', 6, 'file_location...', 8),
	('2019-01-10', 'Free Time', 'Piano', 23, 'file_location...', 8),
	('2019-01-10', 'Technique', 'Piano', 16, 'file_location...', 10),
	('2019-01-10', 'Music Theory', 'Piano', 11, 'file_location...', 10),
	('2019-01-10', 'Pieces', 'Piano', 45, 'file_location...', 10);
