INSERT INTO Members(id ,name ,email) 
VALUES	(1, 'Lillian Stephens', 'L.Stephens@email.com'),
	(2, 'Jane Lee', 'J.Lee@email.com'),
	(3, 'Bryant Appleby', 'B.Appleby@email.com'),
	(4, 'Georgene Williams', 'G.Williams@email.com'),
	(5, 'John White', 'J.White@email.com'),
	(6, 'James Coryell', 'J.Coryell@email.com'),
	(7, 'Angela Fazio', 'A.Fazio@email.com'),
	(8, 'Mary Ott', 'M.Ott@email.com'),
	(9, 'Herman Clancy', 'H.Clancy@email.com'),
	(10, 'Paul Stewart', 'P.Stewart@email.com');

INSERT INTO Teachers (bio ,teacher_id) 
VALUES	('teacher bio...', 1),
	('teacher bio...', 3),
	('teacher bio...', 7);

INSERT INTO Students (goals ,student_id) 
VALUES	('student bio...', 2),
	('student bio...', 4),
	('student bio...', 5),
	('student bio...', 6),
	('student bio...', 8),
	('student bio...', 9),
	('student bio...', 10);

INSERT INTO IsStudentOf (student_id ,teacher_id ,instrument ,start_date ,end_date) 
VALUES	(2, 7, 'Cello', 'start_date...', 'end_date...'),
	(4, 1, 'Guitar', 'start_date...', 'end_date...'),
	(5, 7, 'Cello', 'start_date...', 'end_date...'),
	(6, 1, 'Guitar', 'start_date...', 'end_date...'),
	(8, 7, 'Cello', 'start_date...', 'end_date...'),
	(9, 7, 'Cello', 'start_date...', 'end_date...'),
	(10, 3, 'Guitar', 'start_date...', 'end_date...');

INSERT INTO Trackables (name ,instrument) 
VALUES	('Sight Reading', 'Guitar'),
	('Scales', 'Guitar'),
	('Pieces', 'Guitar'),
	('Technique', 'Guitar'),
	('Music Theory', 'Guitar'),
	('Free Time', 'Guitar'),
	('Sight Reading', 'Cello'),
	('Scales', 'Cello'),
	('Pieces', 'Cello'),
	('Technique', 'Cello'),
	('Music Theory', 'Cello'),
	('Free Time', 'Cello');

INSERT INTO Creates (trackable_name , trackable_instrument ,teacher_id ,student_id ,date_assigned ,date_removed ,active ,current_duration) 
VALUES	('Sight Reading', 'Cello', 7, 2, 'start_date...', 'end_date...', 1, 10),
	('Scales', 'Cello', 7, 2, 'start_date...', 'end_date...', 1, 15),
	('Pieces', 'Cello', 7, 2, 'start_date...', 'end_date...', 0, 5),
	('Technique', 'Cello', 7, 2, 'start_date...', 'end_date...', 1, 35),
	('Music Theory', 'Cello', 7, 2, 'start_date...', 'end_date...', 1, 10),
	('Free Time', 'Cello', 7, 2, 'start_date...', 'end_date...', 1, 20),
	('Sight Reading', 'Guitar', 1, 4, 'start_date...', 'end_date...', 0, 15),
	('Scales', 'Guitar', 1, 4, 'start_date...', 'end_date...', 0, 10),
	('Pieces', 'Guitar', 1, 4, 'start_date...', 'end_date...', 0, 30),
	('Technique', 'Guitar', 1, 4, 'start_date...', 'end_date...', 0, 35),
	('Music Theory', 'Guitar', 1, 4, 'start_date...', 'end_date...', 1, 5),
	('Free Time', 'Guitar', 1, 4, 'start_date...', 'end_date...', 1, 15),
	('Sight Reading', 'Cello', 7, 5, 'start_date...', 'end_date...', 0, 20),
	('Scales', 'Cello', 7, 5, 'start_date...', 'end_date...', 0, 35),
	('Pieces', 'Cello', 7, 5, 'start_date...', 'end_date...', 1, 15),
	('Technique', 'Cello', 7, 5, 'start_date...', 'end_date...', 0, 10),
	('Music Theory', 'Cello', 7, 5, 'start_date...', 'end_date...', 0, 10),
	('Free Time', 'Cello', 7, 5, 'start_date...', 'end_date...', 1, 45),
	('Sight Reading', 'Guitar', 1, 6, 'start_date...', 'end_date...', 0, 25),
	('Scales', 'Guitar', 1, 6, 'start_date...', 'end_date...', 1, 15),
	('Pieces', 'Guitar', 1, 6, 'start_date...', 'end_date...', 1, 40),
	('Technique', 'Guitar', 1, 6, 'start_date...', 'end_date...', 0, 45),
	('Music Theory', 'Guitar', 1, 6, 'start_date...', 'end_date...', 0, 15),
	('Free Time', 'Guitar', 1, 6, 'start_date...', 'end_date...', 1, 25),
	('Sight Reading', 'Cello', 7, 8, 'start_date...', 'end_date...', 0, 5),
	('Scales', 'Cello', 7, 8, 'start_date...', 'end_date...', 0, 40),
	('Pieces', 'Cello', 7, 8, 'start_date...', 'end_date...', 0, 35),
	('Technique', 'Cello', 7, 8, 'start_date...', 'end_date...', 1, 25),
	('Music Theory', 'Cello', 7, 8, 'start_date...', 'end_date...', 0, 40),
	('Free Time', 'Cello', 7, 8, 'start_date...', 'end_date...', 1, 10),
	('Sight Reading', 'Cello', 7, 9, 'start_date...', 'end_date...', 1, 15),
	('Scales', 'Cello', 7, 9, 'start_date...', 'end_date...', 0, 15),
	('Pieces', 'Cello', 7, 9, 'start_date...', 'end_date...', 0, 25),
	('Technique', 'Cello', 7, 9, 'start_date...', 'end_date...', 0, 10),
	('Music Theory', 'Cello', 7, 9, 'start_date...', 'end_date...', 1, 5),
	('Free Time', 'Cello', 7, 9, 'start_date...', 'end_date...', 1, 35),
	('Sight Reading', 'Guitar', 3, 10, 'start_date...', 'end_date...', 0, 30),
	('Scales', 'Guitar', 3, 10, 'start_date...', 'end_date...', 0, 15),
	('Pieces', 'Guitar', 3, 10, 'start_date...', 'end_date...', 0, 20),
	('Technique', 'Guitar', 3, 10, 'start_date...', 'end_date...', 1, 30),
	('Music Theory', 'Guitar', 3, 10, 'start_date...', 'end_date...', 0, 45),
	('Free Time', 'Guitar', 3, 10, 'start_date...', 'end_date...', 0, 10);

INSERT INTO IsAssigned (practice_day ,time ,student_id ,trackable_name ,trackable_instrument) 
VALUES	('01-1-19', 15, 2, 'Pieces', 'Cello'),
	('01-1-19', 15, 2, 'Sight Reading', 'Cello'),
	('01-1-19', 15, 2, 'Scales', 'Cello'),
	('01-1-19', 45, 4, 'Music Theory', 'Guitar'),
	('01-1-19', 45, 4, 'Pieces', 'Guitar'),
	('01-1-19', 45, 4, 'Free Time', 'Guitar'),
	('01-1-19', 45, 4, 'Sight Reading', 'Guitar'),
	('01-1-19', 45, 4, 'Scales', 'Guitar'),
	('01-1-19', 5, 5, 'Free Time', 'Cello'),
	('01-1-19', 5, 5, 'Pieces', 'Cello'),
	('01-1-19', 5, 5, 'Technique', 'Cello'),
	('01-1-19', 45, 6, 'Technique', 'Guitar'),
	('01-1-19', 45, 6, 'Sight Reading', 'Guitar'),
	('01-1-19', 45, 6, 'Scales', 'Guitar'),
	('01-1-19', 15, 8, 'Free Time', 'Cello'),
	('01-1-19', 15, 8, 'Sight Reading', 'Cello'),
	('01-1-19', 30, 9, 'Music Theory', 'Cello'),
	('01-1-19', 30, 9, 'Pieces', 'Cello'),
	('01-1-19', 30, 9, 'Free Time', 'Cello'),
	('01-1-19', 30, 9, 'Sight Reading', 'Cello'),
	('01-1-19', 30, 9, 'Scales', 'Cello'),
	('01-1-19', 15, 10, 'Music Theory', 'Guitar'),
	('01-1-19', 15, 10, 'Pieces', 'Guitar'),
	('01-1-19', 15, 10, 'Scales', 'Guitar'),
	('01-2-19', 20, 2, 'Free Time', 'Cello'),
	('01-2-19', 20, 2, 'Pieces', 'Cello'),
	('01-2-19', 20, 2, 'Sight Reading', 'Cello'),
	('01-2-19', 45, 4, 'Free Time', 'Guitar'),
	('01-2-19', 45, 4, 'Sight Reading', 'Guitar'),
	('01-2-19', 25, 5, 'Technique', 'Cello'),
	('01-2-19', 25, 5, 'Sight Reading', 'Cello'),
	('01-2-19', 10, 6, 'Pieces', 'Guitar'),
	('01-2-19', 10, 6, 'Sight Reading', 'Guitar'),
	('01-2-19', 20, 8, 'Sight Reading', 'Cello'),
	('01-2-19', 20, 8, 'Scales', 'Cello'),
	('01-2-19', 30, 9, 'Pieces', 'Cello'),
	('01-2-19', 30, 9, 'Music Theory', 'Cello'),
	('01-2-19', 30, 9, 'Free Time', 'Cello'),
	('01-2-19', 30, 9, 'Sight Reading', 'Cello'),
	('01-2-19', 5, 10, 'Pieces', 'Guitar'),
	('01-2-19', 5, 10, 'Technique', 'Guitar'),
	('01-2-19', 5, 10, 'Free Time', 'Guitar'),
	('01-2-19', 5, 10, 'Sight Reading', 'Guitar'),
	('01-2-19', 5, 10, 'Scales', 'Guitar'),
	('01-3-19', 5, 2, 'Pieces', 'Cello'),
	('01-3-19', 5, 2, 'Sight Reading', 'Cello'),
	('01-3-19', 5, 2, 'Technique', 'Cello'),
	('01-3-19', 5, 2, 'Scales', 'Cello'),
	('01-3-19', 15, 4, 'Pieces', 'Guitar'),
	('01-3-19', 15, 4, 'Technique', 'Guitar'),
	('01-3-19', 15, 4, 'Free Time', 'Guitar'),
	('01-3-19', 15, 4, 'Sight Reading', 'Guitar'),
	('01-3-19', 15, 4, 'Scales', 'Guitar'),
	('01-3-19', 10, 5, 'Music Theory', 'Cello'),
	('01-3-19', 10, 5, 'Pieces', 'Cello'),
	('01-3-19', 10, 5, 'Sight Reading', 'Cello'),
	('01-3-19', 10, 5, 'Scales', 'Cello'),
	('01-3-19', 40, 6, 'Music Theory', 'Guitar'),
	('01-3-19', 40, 6, 'Sight Reading', 'Guitar'),
	('01-3-19', 45, 8, 'Music Theory', 'Cello'),
	('01-3-19', 45, 8, 'Pieces', 'Cello'),
	('01-3-19', 45, 8, 'Technique', 'Cello'),
	('01-3-19', 45, 8, 'Free Time', 'Cello'),
	('01-3-19', 45, 8, 'Sight Reading', 'Cello'),
	('01-3-19', 45, 9, 'Music Theory', 'Cello'),
	('01-3-19', 45, 9, 'Pieces', 'Cello'),
	('01-3-19', 45, 9, 'Technique', 'Cello'),
	('01-3-19', 45, 9, 'Free Time', 'Cello'),
	('01-3-19', 45, 9, 'Sight Reading', 'Cello'),
	('01-3-19', 10, 10, 'Pieces', 'Guitar'),
	('01-3-19', 10, 10, 'Technique', 'Guitar'),
	('01-3-19', 10, 10, 'Scales', 'Guitar'),
	('01-4-19', 20, 2, 'Technique', 'Cello'),
	('01-4-19', 20, 2, 'Sight Reading', 'Cello'),
	('01-4-19', 15, 4, 'Pieces', 'Guitar'),
	('01-4-19', 15, 4, 'Music Theory', 'Guitar'),
	('01-4-19', 15, 4, 'Free Time', 'Guitar'),
	('01-4-19', 15, 4, 'Sight Reading', 'Guitar'),
	('01-4-19', 45, 5, 'Music Theory', 'Cello'),
	('01-4-19', 45, 5, 'Pieces', 'Cello'),
	('01-4-19', 45, 5, 'Technique', 'Cello'),
	('01-4-19', 45, 5, 'Free Time', 'Cello'),
	('01-4-19', 45, 5, 'Sight Reading', 'Cello'),
	('01-4-19', 25, 6, 'Pieces', 'Guitar'),
	('01-4-19', 25, 6, 'Technique', 'Guitar'),
	('01-4-19', 25, 6, 'Scales', 'Guitar'),
	('01-4-19', 5, 8, 'Music Theory', 'Cello'),
	('01-4-19', 5, 8, 'Scales', 'Cello'),
	('01-4-19', 40, 9, 'Free Time', 'Cello'),
	('01-4-19', 40, 9, 'Music Theory', 'Cello'),
	('01-4-19', 40, 9, 'Pieces', 'Cello'),
	('01-4-19', 40, 9, 'Technique', 'Cello'),
	('01-4-19', 10, 10, 'Free Time', 'Guitar'),
	('01-4-19', 10, 10, 'Pieces', 'Guitar'),
	('01-4-19', 10, 10, 'Sight Reading', 'Guitar'),
	('01-4-19', 10, 10, 'Scales', 'Guitar'),
	('01-5-19', 5, 2, 'Music Theory', 'Cello'),
	('01-5-19', 5, 2, 'Technique', 'Cello'),
	('01-5-19', 5, 2, 'Scales', 'Cello'),
	('01-5-19', 15, 4, 'Pieces', 'Guitar'),
	('01-5-19', 15, 4, 'Scales', 'Guitar'),
	('01-5-19', 25, 5, 'Music Theory', 'Cello'),
	('01-5-19', 25, 5, 'Scales', 'Cello'),
	('01-5-19', 40, 6, 'Music Theory', 'Guitar'),
	('01-5-19', 40, 6, 'Free Time', 'Guitar'),
	('01-5-19', 40, 6, 'Scales', 'Guitar'),
	('01-5-19', 20, 8, 'Free Time', 'Cello'),
	('01-5-19', 20, 8, 'Technique', 'Cello'),
	('01-5-19', 20, 9, 'Music Theory', 'Cello'),
	('01-5-19', 20, 9, 'Sight Reading', 'Cello'),
	('01-5-19', 20, 9, 'Scales', 'Cello'),
	('01-5-19', 45, 10, 'Free Time', 'Guitar'),
	('01-5-19', 45, 10, 'Pieces', 'Guitar'),
	('01-5-19', 45, 10, 'Technique', 'Guitar'),
	('01-5-19', 45, 10, 'Scales', 'Guitar'),
	('01-6-19', 15, 2, 'Free Time', 'Cello'),
	('01-6-19', 15, 2, 'Scales', 'Cello'),
	('01-6-19', 15, 4, 'Pieces', 'Guitar'),
	('01-6-19', 15, 4, 'Sight Reading', 'Guitar'),
	('01-6-19', 15, 4, 'Scales', 'Guitar'),
	('01-6-19', 5, 5, 'Free Time', 'Cello'),
	('01-6-19', 5, 5, 'Technique', 'Cello'),
	('01-6-19', 5, 5, 'Sight Reading', 'Cello'),
	('01-6-19', 45, 6, 'Pieces', 'Guitar'),
	('01-6-19', 45, 6, 'Music Theory', 'Guitar'),
	('01-6-19', 45, 6, 'Free Time', 'Guitar'),
	('01-6-19', 45, 6, 'Sight Reading', 'Guitar'),
	('01-6-19', 40, 8, 'Music Theory', 'Cello'),
	('01-6-19', 40, 8, 'Pieces', 'Cello'),
	('01-6-19', 40, 8, 'Scales', 'Cello'),
	('01-6-19', 20, 9, 'Music Theory', 'Cello'),
	('01-6-19', 20, 9, 'Pieces', 'Cello'),
	('01-6-19', 20, 9, 'Free Time', 'Cello'),
	('01-6-19', 20, 9, 'Sight Reading', 'Cello'),
	('01-6-19', 20, 9, 'Scales', 'Cello'),
	('01-6-19', 10, 10, 'Music Theory', 'Guitar'),
	('01-6-19', 10, 10, 'Pieces', 'Guitar'),
	('01-7-19', 20, 2, 'Music Theory', 'Cello'),
	('01-7-19', 20, 2, 'Sight Reading', 'Cello'),
	('01-7-19', 20, 2, 'Scales', 'Cello'),
	('01-7-19', 10, 4, 'Pieces', 'Guitar'),
	('01-7-19', 10, 4, 'Sight Reading', 'Guitar'),
	('01-7-19', 10, 4, 'Scales', 'Guitar'),
	('01-7-19', 5, 5, 'Music Theory', 'Cello'),
	('01-7-19', 5, 5, 'Pieces', 'Cello'),
	('01-7-19', 5, 5, 'Sight Reading', 'Cello'),
	('01-7-19', 5, 5, 'Scales', 'Cello'),
	('01-7-19', 35, 6, 'Music Theory', 'Guitar'),
	('01-7-19', 35, 6, 'Technique', 'Guitar'),
	('01-7-19', 35, 6, 'Sight Reading', 'Guitar'),
	('01-7-19', 35, 6, 'Scales', 'Guitar'),
	('01-7-19', 20, 8, 'Pieces', 'Cello'),
	('01-7-19', 20, 8, 'Sight Reading', 'Cello'),
	('01-7-19', 20, 8, 'Scales', 'Cello'),
	('01-7-19', 45, 9, 'Music Theory', 'Cello'),
	('01-7-19', 45, 9, 'Free Time', 'Cello'),
	('01-7-19', 45, 9, 'Technique', 'Cello'),
	('01-7-19', 15, 10, 'Pieces', 'Guitar'),
	('01-7-19', 15, 10, 'Music Theory', 'Guitar'),
	('01-7-19', 15, 10, 'Free Time', 'Guitar'),
	('01-7-19', 15, 10, 'Scales', 'Guitar'),
	('01-8-19', 40, 2, 'Music Theory', 'Cello'),
	('01-8-19', 40, 2, 'Pieces', 'Cello'),
	('01-8-19', 40, 2, 'Sight Reading', 'Cello'),
	('01-8-19', 45, 4, 'Music Theory', 'Guitar'),
	('01-8-19', 45, 4, 'Pieces', 'Guitar'),
	('01-8-19', 45, 4, 'Technique', 'Guitar'),
	('01-8-19', 45, 4, 'Free Time', 'Guitar'),
	('01-8-19', 45, 4, 'Scales', 'Guitar'),
	('01-8-19', 15, 5, 'Pieces', 'Cello'),
	('01-8-19', 15, 5, 'Scales', 'Cello'),
	('01-8-19', 20, 6, 'Music Theory', 'Guitar'),
	('01-8-19', 20, 6, 'Technique', 'Guitar'),
	('01-8-19', 20, 6, 'Sight Reading', 'Guitar'),
	('01-8-19', 20, 6, 'Scales', 'Guitar'),
	('01-8-19', 5, 8, 'Free Time', 'Cello'),
	('01-8-19', 5, 8, 'Sight Reading', 'Cello'),
	('01-8-19', 5, 8, 'Technique', 'Cello'),
	('01-8-19', 35, 9, 'Pieces', 'Cello'),
	('01-8-19', 35, 9, 'Music Theory', 'Cello'),
	('01-8-19', 35, 9, 'Technique', 'Cello'),
	('01-8-19', 15, 10, 'Pieces', 'Guitar'),
	('01-8-19', 15, 10, 'Technique', 'Guitar'),
	('01-8-19', 15, 10, 'Sight Reading', 'Guitar'),
	('01-9-19', 25, 2, 'Pieces', 'Cello'),
	('01-9-19', 25, 2, 'Music Theory', 'Cello'),
	('01-9-19', 25, 2, 'Technique', 'Cello'),
	('01-9-19', 5, 4, 'Pieces', 'Guitar'),
	('01-9-19', 5, 4, 'Sight Reading', 'Guitar'),
	('01-9-19', 5, 4, 'Scales', 'Guitar'),
	('01-9-19', 25, 5, 'Music Theory', 'Cello'),
	('01-9-19', 25, 5, 'Pieces', 'Cello'),
	('01-9-19', 20, 6, 'Music Theory', 'Guitar'),
	('01-9-19', 20, 6, 'Pieces', 'Guitar'),
	('01-9-19', 20, 6, 'Technique', 'Guitar'),
	('01-9-19', 20, 6, 'Sight Reading', 'Guitar'),
	('01-9-19', 20, 6, 'Scales', 'Guitar'),
	('01-9-19', 5, 8, 'Pieces', 'Cello'),
	('01-9-19', 5, 8, 'Music Theory', 'Cello'),
	('01-9-19', 5, 8, 'Technique', 'Cello'),
	('01-9-19', 5, 8, 'Sight Reading', 'Cello'),
	('01-9-19', 15, 9, 'Pieces', 'Cello'),
	('01-9-19', 15, 9, 'Music Theory', 'Cello'),
	('01-9-19', 15, 9, 'Free Time', 'Cello'),
	('01-9-19', 15, 9, 'Scales', 'Cello'),
	('01-9-19', 20, 10, 'Music Theory', 'Guitar'),
	('01-9-19', 20, 10, 'Pieces', 'Guitar'),
	('01-9-19', 20, 10, 'Sight Reading', 'Guitar'),
	('01-9-19', 20, 10, 'Technique', 'Guitar'),
	('01-10-19', 30, 2, 'Free Time', 'Cello'),
	('01-10-19', 30, 2, 'Technique', 'Cello'),
	('01-10-19', 20, 4, 'Pieces', 'Guitar'),
	('01-10-19', 20, 4, 'Music Theory', 'Guitar'),
	('01-10-19', 20, 4, 'Free Time', 'Guitar'),
	('01-10-19', 20, 4, 'Sight Reading', 'Guitar'),
	('01-10-19', 30, 5, 'Free Time', 'Cello'),
	('01-10-19', 30, 5, 'Pieces', 'Cello'),
	('01-10-19', 30, 5, 'Sight Reading', 'Cello'),
	('01-10-19', 30, 5, 'Scales', 'Cello'),
	('01-10-19', 20, 6, 'Pieces', 'Guitar'),
	('01-10-19', 20, 6, 'Technique', 'Guitar'),
	('01-10-19', 20, 6, 'Scales', 'Guitar'),
	('01-10-19', 5, 8, 'Pieces', 'Cello'),
	('01-10-19', 5, 8, 'Sight Reading', 'Cello'),
	('01-10-19', 45, 9, 'Music Theory', 'Cello'),
	('01-10-19', 45, 9, 'Free Time', 'Cello'),
	('01-10-19', 45, 9, 'Technique', 'Cello'),
	('01-10-19', 20, 10, 'Pieces', 'Guitar'),
	('01-10-19', 20, 10, 'Technique', 'Guitar'),
	('01-10-19', 20, 10, 'Scales', 'Guitar');

INSERT INTO Recordings (day ,trackable_name ,trackable_instrument ,duration ,location ,student) 
VALUES	('01-1-19', 'Pieces', 'Cello', 17, 'file_location...', 2),
	('01-1-19', 'Sight Reading', 'Cello', 32, 'file_location...', 2),
	('01-1-19', 'Scales', 'Cello', 14, 'file_location...', 2),
	('01-1-19', 'Music Theory', 'Guitar', 42, 'file_location...', 4),
	('01-1-19', 'Pieces', 'Guitar', 44, 'file_location...', 4),
	('01-1-19', 'Free Time', 'Guitar', 11, 'file_location...', 4),
	('01-1-19', 'Sight Reading', 'Guitar', 30, 'file_location...', 4),
	('01-1-19', 'Scales', 'Guitar', 1, 'file_location...', 4),
	('01-1-19', 'Free Time', 'Cello', 43, 'file_location...', 5),
	('01-1-19', 'Pieces', 'Cello', 29, 'file_location...', 5),
	('01-1-19', 'Technique', 'Cello', 44, 'file_location...', 5),
	('01-1-19', 'Technique', 'Guitar', 16, 'file_location...', 6),
	('01-1-19', 'Sight Reading', 'Guitar', 36, 'file_location...', 6),
	('01-1-19', 'Scales', 'Guitar', 41, 'file_location...', 6),
	('01-1-19', 'Free Time', 'Cello', 8, 'file_location...', 8),
	('01-1-19', 'Sight Reading', 'Cello', 17, 'file_location...', 8),
	('01-1-19', 'Music Theory', 'Cello', 35, 'file_location...', 9),
	('01-1-19', 'Pieces', 'Cello', 45, 'file_location...', 9),
	('01-1-19', 'Free Time', 'Cello', 31, 'file_location...', 9),
	('01-1-19', 'Sight Reading', 'Cello', 38, 'file_location...', 9),
	('01-1-19', 'Scales', 'Cello', 31, 'file_location...', 9),
	('01-1-19', 'Music Theory', 'Guitar', 41, 'file_location...', 10),
	('01-1-19', 'Pieces', 'Guitar', 5, 'file_location...', 10),
	('01-1-19', 'Scales', 'Guitar', 23, 'file_location...', 10),
	('01-2-19', 'Free Time', 'Cello', 20, 'file_location...', 2),
	('01-2-19', 'Pieces', 'Cello', 24, 'file_location...', 2),
	('01-2-19', 'Sight Reading', 'Cello', 5, 'file_location...', 2),
	('01-2-19', 'Free Time', 'Guitar', 14, 'file_location...', 4),
	('01-2-19', 'Sight Reading', 'Guitar', 34, 'file_location...', 4),
	('01-2-19', 'Technique', 'Cello', 33, 'file_location...', 5),
	('01-2-19', 'Sight Reading', 'Cello', 9, 'file_location...', 5),
	('01-2-19', 'Pieces', 'Guitar', 43, 'file_location...', 6),
	('01-2-19', 'Sight Reading', 'Guitar', 29, 'file_location...', 6),
	('01-2-19', 'Sight Reading', 'Cello', 37, 'file_location...', 8),
	('01-2-19', 'Scales', 'Cello', 18, 'file_location...', 8),
	('01-2-19', 'Pieces', 'Cello', 23, 'file_location...', 9),
	('01-2-19', 'Music Theory', 'Cello', 5, 'file_location...', 9),
	('01-2-19', 'Free Time', 'Cello', 11, 'file_location...', 9),
	('01-2-19', 'Sight Reading', 'Cello', 30, 'file_location...', 9),
	('01-2-19', 'Pieces', 'Guitar', 29, 'file_location...', 10),
	('01-2-19', 'Technique', 'Guitar', 29, 'file_location...', 10),
	('01-2-19', 'Free Time', 'Guitar', 33, 'file_location...', 10),
	('01-2-19', 'Sight Reading', 'Guitar', 21, 'file_location...', 10),
	('01-2-19', 'Scales', 'Guitar', 28, 'file_location...', 10),
	('01-3-19', 'Pieces', 'Cello', 41, 'file_location...', 2),
	('01-3-19', 'Sight Reading', 'Cello', 22, 'file_location...', 2),
	('01-3-19', 'Technique', 'Cello', 28, 'file_location...', 2),
	('01-3-19', 'Scales', 'Cello', 10, 'file_location...', 2),
	('01-3-19', 'Pieces', 'Guitar', 1, 'file_location...', 4),
	('01-3-19', 'Technique', 'Guitar', 22, 'file_location...', 4),
	('01-3-19', 'Free Time', 'Guitar', 44, 'file_location...', 4),
	('01-3-19', 'Sight Reading', 'Guitar', 24, 'file_location...', 4),
	('01-3-19', 'Scales', 'Guitar', 19, 'file_location...', 4),
	('01-3-19', 'Music Theory', 'Cello', 11, 'file_location...', 5),
	('01-3-19', 'Pieces', 'Cello', 26, 'file_location...', 5),
	('01-3-19', 'Sight Reading', 'Cello', 36, 'file_location...', 5),
	('01-3-19', 'Scales', 'Cello', 42, 'file_location...', 5),
	('01-3-19', 'Music Theory', 'Guitar', 5, 'file_location...', 6),
	('01-3-19', 'Sight Reading', 'Guitar', 35, 'file_location...', 6),
	('01-3-19', 'Music Theory', 'Cello', 11, 'file_location...', 8),
	('01-3-19', 'Pieces', 'Cello', 44, 'file_location...', 8),
	('01-3-19', 'Technique', 'Cello', 24, 'file_location...', 8),
	('01-3-19', 'Free Time', 'Cello', 33, 'file_location...', 8),
	('01-3-19', 'Sight Reading', 'Cello', 16, 'file_location...', 8),
	('01-3-19', 'Music Theory', 'Cello', 43, 'file_location...', 9),
	('01-3-19', 'Pieces', 'Cello', 40, 'file_location...', 9),
	('01-3-19', 'Technique', 'Cello', 4, 'file_location...', 9),
	('01-3-19', 'Free Time', 'Cello', 31, 'file_location...', 9),
	('01-3-19', 'Sight Reading', 'Cello', 33, 'file_location...', 9),
	('01-3-19', 'Pieces', 'Guitar', 26, 'file_location...', 10),
	('01-3-19', 'Technique', 'Guitar', 33, 'file_location...', 10),
	('01-3-19', 'Scales', 'Guitar', 10, 'file_location...', 10),
	('01-4-19', 'Technique', 'Cello', 35, 'file_location...', 2),
	('01-4-19', 'Sight Reading', 'Cello', 8, 'file_location...', 2),
	('01-4-19', 'Pieces', 'Guitar', 37, 'file_location...', 4),
	('01-4-19', 'Music Theory', 'Guitar', 45, 'file_location...', 4),
	('01-4-19', 'Free Time', 'Guitar', 45, 'file_location...', 4),
	('01-4-19', 'Sight Reading', 'Guitar', 42, 'file_location...', 4),
	('01-4-19', 'Music Theory', 'Cello', 11, 'file_location...', 5),
	('01-4-19', 'Pieces', 'Cello', 30, 'file_location...', 5),
	('01-4-19', 'Technique', 'Cello', 35, 'file_location...', 5),
	('01-4-19', 'Free Time', 'Cello', 6, 'file_location...', 5),
	('01-4-19', 'Sight Reading', 'Cello', 29, 'file_location...', 5),
	('01-4-19', 'Pieces', 'Guitar', 41, 'file_location...', 6),
	('01-4-19', 'Technique', 'Guitar', 2, 'file_location...', 6),
	('01-4-19', 'Scales', 'Guitar', 10, 'file_location...', 6),
	('01-4-19', 'Music Theory', 'Cello', 9, 'file_location...', 8),
	('01-4-19', 'Scales', 'Cello', 23, 'file_location...', 8),
	('01-4-19', 'Free Time', 'Cello', 6, 'file_location...', 9),
	('01-4-19', 'Music Theory', 'Cello', 8, 'file_location...', 9),
	('01-4-19', 'Pieces', 'Cello', 39, 'file_location...', 9),
	('01-4-19', 'Technique', 'Cello', 29, 'file_location...', 9),
	('01-4-19', 'Free Time', 'Guitar', 12, 'file_location...', 10),
	('01-4-19', 'Pieces', 'Guitar', 23, 'file_location...', 10),
	('01-4-19', 'Sight Reading', 'Guitar', 21, 'file_location...', 10),
	('01-4-19', 'Scales', 'Guitar', 17, 'file_location...', 10),
	('01-5-19', 'Music Theory', 'Cello', 35, 'file_location...', 2),
	('01-5-19', 'Technique', 'Cello', 35, 'file_location...', 2),
	('01-5-19', 'Scales', 'Cello', 20, 'file_location...', 2),
	('01-5-19', 'Pieces', 'Guitar', 10, 'file_location...', 4),
	('01-5-19', 'Scales', 'Guitar', 6, 'file_location...', 4),
	('01-5-19', 'Music Theory', 'Cello', 40, 'file_location...', 5),
	('01-5-19', 'Scales', 'Cello', 5, 'file_location...', 5),
	('01-5-19', 'Music Theory', 'Guitar', 27, 'file_location...', 6),
	('01-5-19', 'Free Time', 'Guitar', 24, 'file_location...', 6),
	('01-5-19', 'Scales', 'Guitar', 2, 'file_location...', 6),
	('01-5-19', 'Free Time', 'Cello', 4, 'file_location...', 8),
	('01-5-19', 'Technique', 'Cello', 34, 'file_location...', 8),
	('01-5-19', 'Music Theory', 'Cello', 29, 'file_location...', 9),
	('01-5-19', 'Sight Reading', 'Cello', 40, 'file_location...', 9),
	('01-5-19', 'Scales', 'Cello', 19, 'file_location...', 9),
	('01-5-19', 'Free Time', 'Guitar', 30, 'file_location...', 10),
	('01-5-19', 'Pieces', 'Guitar', 24, 'file_location...', 10),
	('01-5-19', 'Technique', 'Guitar', 35, 'file_location...', 10),
	('01-5-19', 'Scales', 'Guitar', 20, 'file_location...', 10),
	('01-6-19', 'Free Time', 'Cello', 27, 'file_location...', 2),
	('01-6-19', 'Scales', 'Cello', 4, 'file_location...', 2),
	('01-6-19', 'Pieces', 'Guitar', 45, 'file_location...', 4),
	('01-6-19', 'Sight Reading', 'Guitar', 45, 'file_location...', 4),
	('01-6-19', 'Scales', 'Guitar', 41, 'file_location...', 4),
	('01-6-19', 'Free Time', 'Cello', 32, 'file_location...', 5),
	('01-6-19', 'Technique', 'Cello', 10, 'file_location...', 5),
	('01-6-19', 'Sight Reading', 'Cello', 31, 'file_location...', 5),
	('01-6-19', 'Pieces', 'Guitar', 36, 'file_location...', 6),
	('01-6-19', 'Music Theory', 'Guitar', 9, 'file_location...', 6),
	('01-6-19', 'Free Time', 'Guitar', 27, 'file_location...', 6),
	('01-6-19', 'Sight Reading', 'Guitar', 38, 'file_location...', 6),
	('01-6-19', 'Music Theory', 'Cello', 0, 'file_location...', 8),
	('01-6-19', 'Pieces', 'Cello', 35, 'file_location...', 8),
	('01-6-19', 'Scales', 'Cello', 40, 'file_location...', 8),
	('01-6-19', 'Music Theory', 'Cello', 39, 'file_location...', 9),
	('01-6-19', 'Pieces', 'Cello', 4, 'file_location...', 9),
	('01-6-19', 'Free Time', 'Cello', 19, 'file_location...', 9),
	('01-6-19', 'Sight Reading', 'Cello', 45, 'file_location...', 9),
	('01-6-19', 'Scales', 'Cello', 24, 'file_location...', 9),
	('01-6-19', 'Music Theory', 'Guitar', 12, 'file_location...', 10),
	('01-6-19', 'Pieces', 'Guitar', 7, 'file_location...', 10),
	('01-7-19', 'Music Theory', 'Cello', 10, 'file_location...', 2),
	('01-7-19', 'Sight Reading', 'Cello', 3, 'file_location...', 2),
	('01-7-19', 'Scales', 'Cello', 8, 'file_location...', 2),
	('01-7-19', 'Pieces', 'Guitar', 41, 'file_location...', 4),
	('01-7-19', 'Sight Reading', 'Guitar', 8, 'file_location...', 4),
	('01-7-19', 'Scales', 'Guitar', 24, 'file_location...', 4),
	('01-7-19', 'Music Theory', 'Cello', 8, 'file_location...', 5),
	('01-7-19', 'Pieces', 'Cello', 9, 'file_location...', 5),
	('01-7-19', 'Sight Reading', 'Cello', 45, 'file_location...', 5),
	('01-7-19', 'Scales', 'Cello', 7, 'file_location...', 5),
	('01-7-19', 'Music Theory', 'Guitar', 30, 'file_location...', 6),
	('01-7-19', 'Technique', 'Guitar', 19, 'file_location...', 6),
	('01-7-19', 'Sight Reading', 'Guitar', 13, 'file_location...', 6),
	('01-7-19', 'Scales', 'Guitar', 23, 'file_location...', 6),
	('01-7-19', 'Pieces', 'Cello', 41, 'file_location...', 8),
	('01-7-19', 'Sight Reading', 'Cello', 26, 'file_location...', 8),
	('01-7-19', 'Scales', 'Cello', 8, 'file_location...', 8),
	('01-7-19', 'Music Theory', 'Cello', 36, 'file_location...', 9),
	('01-7-19', 'Free Time', 'Cello', 12, 'file_location...', 9),
	('01-7-19', 'Technique', 'Cello', 28, 'file_location...', 9),
	('01-7-19', 'Pieces', 'Guitar', 30, 'file_location...', 10),
	('01-7-19', 'Music Theory', 'Guitar', 8, 'file_location...', 10),
	('01-7-19', 'Free Time', 'Guitar', 40, 'file_location...', 10),
	('01-7-19', 'Scales', 'Guitar', 0, 'file_location...', 10),
	('01-8-19', 'Music Theory', 'Cello', 18, 'file_location...', 2),
	('01-8-19', 'Pieces', 'Cello', 30, 'file_location...', 2),
	('01-8-19', 'Sight Reading', 'Cello', 23, 'file_location...', 2),
	('01-8-19', 'Music Theory', 'Guitar', 42, 'file_location...', 4),
	('01-8-19', 'Pieces', 'Guitar', 22, 'file_location...', 4),
	('01-8-19', 'Technique', 'Guitar', 11, 'file_location...', 4),
	('01-8-19', 'Free Time', 'Guitar', 28, 'file_location...', 4),
	('01-8-19', 'Scales', 'Guitar', 42, 'file_location...', 4),
	('01-8-19', 'Pieces', 'Cello', 13, 'file_location...', 5),
	('01-8-19', 'Scales', 'Cello', 8, 'file_location...', 5),
	('01-8-19', 'Music Theory', 'Guitar', 16, 'file_location...', 6),
	('01-8-19', 'Technique', 'Guitar', 45, 'file_location...', 6),
	('01-8-19', 'Sight Reading', 'Guitar', 33, 'file_location...', 6),
	('01-8-19', 'Scales', 'Guitar', 25, 'file_location...', 6),
	('01-8-19', 'Free Time', 'Cello', 28, 'file_location...', 8),
	('01-8-19', 'Sight Reading', 'Cello', 20, 'file_location...', 8),
	('01-8-19', 'Technique', 'Cello', 13, 'file_location...', 8),
	('01-8-19', 'Pieces', 'Cello', 39, 'file_location...', 9),
	('01-8-19', 'Music Theory', 'Cello', 37, 'file_location...', 9),
	('01-8-19', 'Technique', 'Cello', 11, 'file_location...', 9),
	('01-8-19', 'Pieces', 'Guitar', 19, 'file_location...', 10),
	('01-8-19', 'Technique', 'Guitar', 38, 'file_location...', 10),
	('01-8-19', 'Sight Reading', 'Guitar', 3, 'file_location...', 10),
	('01-9-19', 'Pieces', 'Cello', 32, 'file_location...', 2),
	('01-9-19', 'Music Theory', 'Cello', 19, 'file_location...', 2),
	('01-9-19', 'Technique', 'Cello', 22, 'file_location...', 2),
	('01-9-19', 'Pieces', 'Guitar', 23, 'file_location...', 4),
	('01-9-19', 'Sight Reading', 'Guitar', 8, 'file_location...', 4),
	('01-9-19', 'Scales', 'Guitar', 2, 'file_location...', 4),
	('01-9-19', 'Music Theory', 'Cello', 25, 'file_location...', 5),
	('01-9-19', 'Pieces', 'Cello', 40, 'file_location...', 5),
	('01-9-19', 'Music Theory', 'Guitar', 9, 'file_location...', 6),
	('01-9-19', 'Pieces', 'Guitar', 18, 'file_location...', 6),
	('01-9-19', 'Technique', 'Guitar', 34, 'file_location...', 6),
	('01-9-19', 'Sight Reading', 'Guitar', 3, 'file_location...', 6),
	('01-9-19', 'Scales', 'Guitar', 9, 'file_location...', 6),
	('01-9-19', 'Pieces', 'Cello', 5, 'file_location...', 8),
	('01-9-19', 'Music Theory', 'Cello', 24, 'file_location...', 8),
	('01-9-19', 'Technique', 'Cello', 12, 'file_location...', 8),
	('01-9-19', 'Sight Reading', 'Cello', 30, 'file_location...', 8),
	('01-9-19', 'Pieces', 'Cello', 36, 'file_location...', 9),
	('01-9-19', 'Music Theory', 'Cello', 6, 'file_location...', 9),
	('01-9-19', 'Free Time', 'Cello', 8, 'file_location...', 9),
	('01-9-19', 'Scales', 'Cello', 23, 'file_location...', 9),
	('01-9-19', 'Music Theory', 'Guitar', 38, 'file_location...', 10),
	('01-9-19', 'Pieces', 'Guitar', 21, 'file_location...', 10),
	('01-9-19', 'Sight Reading', 'Guitar', 24, 'file_location...', 10),
	('01-9-19', 'Technique', 'Guitar', 33, 'file_location...', 10),
	('01-10-19', 'Free Time', 'Cello', 42, 'file_location...', 2),
	('01-10-19', 'Technique', 'Cello', 40, 'file_location...', 2),
	('01-10-19', 'Pieces', 'Guitar', 9, 'file_location...', 4),
	('01-10-19', 'Music Theory', 'Guitar', 37, 'file_location...', 4),
	('01-10-19', 'Free Time', 'Guitar', 35, 'file_location...', 4),
	('01-10-19', 'Sight Reading', 'Guitar', 14, 'file_location...', 4),
	('01-10-19', 'Free Time', 'Cello', 35, 'file_location...', 5),
	('01-10-19', 'Pieces', 'Cello', 37, 'file_location...', 5),
	('01-10-19', 'Sight Reading', 'Cello', 23, 'file_location...', 5),
	('01-10-19', 'Scales', 'Cello', 27, 'file_location...', 5),
	('01-10-19', 'Pieces', 'Guitar', 39, 'file_location...', 6),
	('01-10-19', 'Technique', 'Guitar', 10, 'file_location...', 6),
	('01-10-19', 'Scales', 'Guitar', 25, 'file_location...', 6),
	('01-10-19', 'Pieces', 'Cello', 35, 'file_location...', 8),
	('01-10-19', 'Sight Reading', 'Cello', 8, 'file_location...', 8),
	('01-10-19', 'Music Theory', 'Cello', 38, 'file_location...', 9),
	('01-10-19', 'Free Time', 'Cello', 21, 'file_location...', 9),
	('01-10-19', 'Technique', 'Cello', 38, 'file_location...', 9),
	('01-10-19', 'Pieces', 'Guitar', 10, 'file_location...', 10),
	('01-10-19', 'Technique', 'Guitar', 11, 'file_location...', 10),
	('01-10-19', 'Scales', 'Guitar', 0, 'file_location...', 10);


